title	source	publication_year	publication_month	publication_day	abstract	authors
A comparative study on the flow experience in web-based and text-based interaction environments.	Cyberpsychology, behavior and social networking	2011	01	01	The purpose of this study was to explore a substantial phenomenon related to flow experiences (immersion) in text-based interaction systems. Most previous research emphasizes the effects of challenge/skill, focused attention, telepresence, web characteristics, and systems' interface design on users' flow experiences in online environments. However, text-based interaction systems without telepresence features and web characteristics still seem to create opportunities for flow experience. To explore this phenomenon, this study incorporates subject involvement and interpersonal interaction as critical antecedents into the model of flow experience, as well as considers the existence of telepresence. Results reveal that subject involvement, interpersonal interaction, and interactivity speed are critical to focused attention, which enhances users' immersion. With regard to the effect of telepresence, the perceived attractiveness of the interface is a significant facilitator determining users' immersion in web-based, rather than in text-based, interaction environments. Interactivity speed is unrelated to immersion in both web-based and text-based interaction environments. The influence of interpersonal involvement is diminished in web-based interaction environments. The implications and limitations of this study are discussed.	Li-Ting Huang, Chen-An Chiu, Kai Sung, Cheng-Kiang Farn
Skills-demands compatibility as a determinant of flow experience in an inductive reasoning task.	Psychological reports	2011	10	01	The skills-demands fit hypothesis of flow theory was examined. Based on the earlier finding that high demands in a game situation do not reduce the experience of flow, a cognitive task paradigm was used. The effect of skills-demands compatibility on the experience of flow but not of other, similar psychological states (i.e., concentration, negative and positive activation) was also investigated. Participants were 89 undergraduate students who worked on a number of inductive reasoning tasks in four successive trials with or without skills-demands compatibility. The results clearly supported the skills-demands fit hypothesis; concentration and activation were affected only by the tasks' difficulty. Inductive reasoning tasks are a useful tool for the experimental analysis of flow, and skills-demands compatibility is a significant and powerful condition of flow, but not of other, similar psychological states.	Ulrich Schiefele, Andreas Raabe
Flow experience and health-related quality of life in community dwelling elderly Japanese.	Nursing & health sciences	2012	03	01	"This study was performed to investigate the relationship between mental state (especially flow experience [Flow Experience Checklist of Ishimura]) health-related quality of life (Medical Outcome Study 8-Item Short-Form Health Survey), and stress (salivary amylase concentrations). The subjects were 119 healthy elderly persons living in rural areas who participated in a ""meeting for the elderly"" at a nursing home in Kagawa Prefecture, Japan. The subjects were classified into apathetic, anxious, relaxed, and flow groups. It was found that physical health was significantly better when performing important daily activities in the group who experienced flow and the relaxed group than in the group that was in an apathetic state. However, no significant relationship was observed between the degree of flow experience and stress. The present findings suggested that interventions which make the activities of daily life either ""high-challenge, high-skill"" situations or ""low-challenge, high-skill"" situations could have a positive influence on the physical health of community-living elderly Japanese. A longitudinal study should be performed in the future."	Kazuki Hirao, Ryuji Kobayashi, Kyota Okishima, Yumiko Tomokuni
Neural contributions to flow experience during video game playing.	Social cognitive and affective neuroscience	2012	04	01	Video games are an exciting part of new media. Although game play has been intensively studied, the underlying neurobiology is still poorly understood. Flow theory is a well-established model developed to describe subjective game experience. In 13 healthy male subjects, we acquired fMRI data during free play of a video game and analyzed brain activity based on the game content. In accordance with flow theory, we extracted the following factors from the game content: (i) balance between ability and challenge; (ii) concentration and focus; (iii) direct feedback of action results; (iv) clear goals; and (v) control over the situation/activity. We suggest that flow is characterized by specific neural activation patterns and that the latter can be assessed-at least partially-by content factors contributing to the emergence of flow. Each of the content factors was characterized by specific and distinguishable brain activation patterns, encompassing reward-related midbrain structures, as well as cognitive and sensorimotor networks. The activation of sensory and motor networks in the conjunction analyses underpinned the central role of simulation for flow experience. Flow factors can be validated with functional brain imaging which can improve the understanding of human emotions and motivational processes during media entertainment.	Martin Klasen, René Weber, Tilo T J Kircher, Krystyna A Mathiak, Klaus Mathiak
Neural contributions to flow experience during video game playing.	Social cognitive and affective neuroscience	2012	04	01	Video games are an exciting part of new media. Although game play has been intensively studied, the underlying neurobiology is still poorly understood. Flow theory is a well-established model developed to describe subjective game experience. In 13 healthy male subjects, we acquired fMRI data during free play of a video game and analyzed brain activity based on the game content. In accordance with flow theory, we extracted the following factors from the game content: (i) balance between ability and challenge; (ii) concentration and focus; (iii) direct feedback of action results; (iv) clear goals; and (v) control over the situation/activity. We suggest that flow is characterized by specific neural activation patterns and that the latter can be assessed-at least partially-by content factors contributing to the emergence of flow. Each of the content factors was characterized by specific and distinguishable brain activation patterns, encompassing reward-related midbrain structures, as well as cognitive and sensorimotor networks. The activation of sensory and motor networks in the conjunction analyses underpinned the central role of simulation for flow experience. Flow factors can be validated with functional brain imaging which can improve the understanding of human emotions and motivational processes during media entertainment.	Martin Klasen, René Weber, Tilo T J Kircher, Krystyna A Mathiak, Klaus Mathiak
Comments on Schiefele and Raabe (2011): flow is a multifaceted experience defined by several components.	Psychological reports	2012	08	01	Schiefele and Raabe (2011) propose that flow could best be described as a state of being strongly immersed in the activity. Although this may be the most important component of flow and represent the core of the construct, it disregards the fact that the flow experience is an experience with different components. Merely taking one aspect, and considering all other aspects, such as being concentrated on the task, as not being a constitutive part of flow leads to the problems mentioned in this comment. More generally, it represents a misunderstanding that flow can be reduced to one component alone.	Stefan Engeser
Association of cognitive judgment and shyness with frequency and quality of flow experience.	Psychology research and behavior management	2012	11	19	To determine the association of cognitive judgment and shyness with frequency and quality of flow experience.	Kazuki Hirao, Ryuji Kobayashi, Kenji Yabuwaki
Response to Engeser (2012): on the nature of flow experience.	Psychological reports	2013	04	01	Engeser (2012) argued that the experience of flow is multifaceted and can only be measured validly by taking into account all relevant components. Although the possibility that flow includes several components cannot be excluded, there is weak evidence for Engeser's proposition. In support of a unidimensional interpretation of flow, theoretical, methodological, and empirical arguments are presented.	Ulrich Schiefele
How is flow experienced and by whom? Testing flow among occupations.	Stress and health : journal of the International Society for the Investigation of Stress	2013	04	01	The aims of this paper are to test (1) the factorial structure of the frequency of flow experience at work; (2) the flow analysis model in work settings by differentiating the frequency of flow and the frequency of its prerequisites; and (3) whether there are significant differences in the frequency of flow experience depending on the occupation. A retrospective study among 957 employees (474 tile workers and 483 secondary school teachers) using multigroup confirmatory factorial analyses and multiple analyses of variance suggested that on the basis of the flow analysis model in work settings, (1) the frequency of flow experience has a two-factor structure (enjoyment and absorption); (2) the frequency of flow experience at work is produced when both challenge and skills are high and balanced; and (3) secondary school teachers experience flow more frequently than tile workers.	Susana Llorens, Marisa Salanova, Alma M Rodríguez
How is flow experienced and by whom? Testing flow among occupations.	Stress and health : journal of the International Society for the Investigation of Stress	2013	04	01	The aims of this paper are to test (1) the factorial structure of the frequency of flow experience at work; (2) the flow analysis model in work settings by differentiating the frequency of flow and the frequency of its prerequisites; and (3) whether there are significant differences in the frequency of flow experience depending on the occupation. A retrospective study among 957 employees (474 tile workers and 483 secondary school teachers) using multigroup confirmatory factorial analyses and multiple analyses of variance suggested that on the basis of the flow analysis model in work settings, (1) the frequency of flow experience has a two-factor structure (enjoyment and absorption); (2) the frequency of flow experience at work is produced when both challenge and skills are high and balanced; and (3) secondary school teachers experience flow more frequently than tile workers.	Susana Llorens, Marisa Salanova, Alma M Rodríguez
Energy cost and game flow of 5 exer-games in trained players.	American journal of health behavior	2013	05	01	To determine energy expenditure and player experience in exer-games designed for novel platforms.	Shaw Bronner, Russell Pinsker, J Adam Noah
Psychophysiological correlates of flow during daily activities.	Studies in health technology and informatics	2013	06	24	Flow is an optimal experience characterized by the perception of high challenges and high skills, positive affect, complete absorption in the activity carried out and intrinsic motivation. Although much research has examined the psychological features of flow, little is known about its biological underpinnings. The present study aimed at contributing to this gap by investigating the psychophysiological correlates of flow experience during daily routines. To this end, 15 university students took part in an experience sampling study, in which they provided real-time information on daily activities and associated experience while cardiac activity was monitored. After seven days of observation, 32 flow events were identified among 10 participants. A multilevel regression analysis revealed a significant correlation between optimal experience and specific cardiovascular indexes. In particular, the experience of flow was associated with increased heart rate and increased LF/HF ratio, suggesting relative sympathetic enhancement. These findings are in line with those obtained by previous related studies and indicate the feasibility of investigating physiological correlates of subjective experience in ecological contexts.	Andrea Gaggioli, Pietro Cipresso, Silvia Serino, Giuseppe Riva
The relationship between self-disgust, guilt, and flow experience among Japanese undergraduates.	Neuropsychiatric disease and treatment	2013	07	30	To determine the relationship between self-disgust, guilt, and flow experience.	Kazuki Hirao, Ryuji Kobayashi
Video game characteristics, happiness and flow as predictors of addiction among video game players: A pilot study.	Journal of behavioral addictions	2013	09	01	Video games provide opportunities for positive psychological experiences such as flow-like phenomena during play and general happiness that could be associated with gaming achievements. However, research has shown that specific features of game play may be associated with problematic behaviour associated with addiction-like experiences. The study was aimed at analysing whether certain structural characteristics of video games, flow, and global happiness could be predictive of video game addiction.	Damien C Hull, Glenn A Williams, Mark D Griffiths
Relationships between flow experience, IKIGAI, and sense of coherence in Tai chi practitioners.	Holistic nursing practice	2013	09	01	"The purpose of this study was to examine the mental health effects of Tai chi on regular practitioners by investigating the relationships between flow experience, IKIGAI (Japanese: ""Life worth living""), and sense of coherence. The results indicated that flow experience may influence IKIGAI and IKIGAI may influence sense of coherence; this suggests that IKIGAI may act as an intermediary between flow experience and sense of coherence. The results also indicated that the longer the Tai chi experience, the higher was the flow experience."	Kenji Iida, Yuko Oguma
Health-related quality of life and sense of coherence among the unemployed with autotelic, average, and non-autotelic personalities: a cross-sectional survey in Hiroshima, Japan.	PloS one	2013	09	26	"Unemployment is known to have a negative effect on the quality of life (QOL) of individuals. However, the influence of an autotelic personality on QOL and SOC of unemployed individuals remains unclear. Our study compared health-related quality of life (HRQOL) and sense of coherence (SOC) among 3 groups: (i) an autotelic personality group (AP), which tends to ""go with the flow,"" (ii) an average group (AV), and (iii) a non-autotelic personality group (NAP)."	Kazuki Hirao, Ryuji Kobayashi
Does flow experience lead to risk? How and for whom.	Applied psychology. Health and well-being	2013	11	01	Previous research has focused on the positive consequences of flow, an intrinsically rewarding state of deep absorption. In contrast, the present research links flow to impaired risk awareness and to risky behaviour. We expected flow to enhance self-efficacy beliefs, which in turn were hypothesised to result in low risk awareness and risky behaviour in sports. In addition, we predicted that individuals' level of experience in the activity would moderate the expected effects.	Julia Schüler, Jeanne Nakamura
Getting into the musical zone: trait emotional intelligence and amount of practice predict flow in pianists.	Frontiers in psychology	2013	12	09	"Being ""in flow"" or ""in the zone"" is defined as an extremely focused state of consciousness which occurs during intense engagement in an activity. In general, flow has been linked to peak performances (high achievement) and feelings of intense pleasure and happiness. However, empirical research on flow in music performance is scarce, although it may offer novel insights into the question of why musicians engage in musical activities for extensive periods of time. Here, we focused on individual differences in a group of 76 piano performance students and assessed their flow experience in piano performance as well as their trait emotional intelligence. Multiple regression analysis revealed that flow was predicted by the amount of daily practice and trait emotional intelligence. Other background variables (gender, age, duration of piano training and age of first piano training) were not predictive. To predict high achievement in piano performance (i.e., winning a prize in a piano competition), a seven-predictor logistic regression model was fitted to the data, and we found that the odds of winning a prize in a piano competition were predicted by the amount of daily practice and the age at which piano training began. Interestingly, a positive relationship between flow and high achievement was not supported. Further, we explored the role of musical emotions and musical styles in the induction of flow by a self-developed questionnaire. Results suggest that besides individual differences among pianists, specific structural and compositional features of musical pieces and related emotional expressions may facilitate flow experiences. Altogether, these findings highlight the role of emotion in the experience of flow during music performance and call for further experiments addressing emotion in relation to the performer and the music alike."	Manuela M Marin, Joydeep Bhattacharya
Total sleep deprivation decreases flow experience and mood status.	Neuropsychiatric disease and treatment	2013	12	30	The purpose of this study was to examine the effect of sleep deprivation on flow experience.	Kosuke Kaida, Kazuhisa Niki
Total sleep deprivation decreases flow experience and mood status.	Neuropsychiatric disease and treatment	2013	12	30	The purpose of this study was to examine the effect of sleep deprivation on flow experience.	Kosuke Kaida, Kazuhisa Niki
Neural correlates of experimentally induced flow experiences.	NeuroImage	2014	02	01	"Flow refers to a positive, activity-associated, subjective experience under conditions of a perceived fit between skills and task demands. Using functional magnetic resonance perfusion imaging, we investigated the neural correlates of flow in a sample of 27 human subjects. Experimentally, in the flow condition participants worked on mental arithmetic tasks at challenging task difficulty which was automatically and continuously adjusted to individuals' skill level. Experimental settings of ""boredom"" and ""overload"" served as comparison conditions. The experience of flow was associated with relative increases in neural activity in the left anterior inferior frontal gyrus (IFG) and the left putamen. Relative decreases in neural activity were observed in the medial prefrontal cortex (MPFC) and the amygdala (AMY). Subjective ratings of the flow experience were significantly associated with changes in neural activity in the IFG, AMY, and, with trend towards significance, in the MPFC. We conclude that neural activity changes in these brain regions reflect psychological processes that map on the characteristic features of flow: coding of increased outcome probability (putamen), deeper sense of cognitive control (IFG), decreased self-referential processing (MPFC), and decreased negative arousal (AMY)."	Martin Ulrich, Johannes Keller, Klaus Hoenig, Christiane Waller, Georg Grön
Neural correlates of experimentally induced flow experiences.	NeuroImage	2014	02	01	"Flow refers to a positive, activity-associated, subjective experience under conditions of a perceived fit between skills and task demands. Using functional magnetic resonance perfusion imaging, we investigated the neural correlates of flow in a sample of 27 human subjects. Experimentally, in the flow condition participants worked on mental arithmetic tasks at challenging task difficulty which was automatically and continuously adjusted to individuals' skill level. Experimental settings of ""boredom"" and ""overload"" served as comparison conditions. The experience of flow was associated with relative increases in neural activity in the left anterior inferior frontal gyrus (IFG) and the left putamen. Relative decreases in neural activity were observed in the medial prefrontal cortex (MPFC) and the amygdala (AMY). Subjective ratings of the flow experience were significantly associated with changes in neural activity in the IFG, AMY, and, with trend towards significance, in the MPFC. We conclude that neural activity changes in these brain regions reflect psychological processes that map on the characteristic features of flow: coding of increased outcome probability (putamen), deeper sense of cognitive control (IFG), decreased self-referential processing (MPFC), and decreased negative arousal (AMY)."	Martin Ulrich, Johannes Keller, Klaus Hoenig, Christiane Waller, Georg Grön
The relationship between flow experience and sense of coherence: a 1-year follow-up study.	Holistic nursing practice	2014	03	01	This study examined the relationship between flow experience and sense of coherence in 279 tai chi practitioners aged 67.9 ± 7.9 years, with a 1-year follow-up questionnaire. Our results suggest that tai chi improves sense of coherence in older adults, beginners, and long-term practitioners.	Kenji Iida, Yuko Oguma
A task-specific interactive game-based virtual reality rehabilitation system for patients with stroke: a usability test and two clinical experiments.	Journal of neuroengineering and rehabilitation	2014	03	06	Virtual reality (VR) is not commonly used in clinical rehabilitation, and commercial VR gaming systems may have mixed effects in patients with stroke. Therefore, we developed RehabMaster™, a task-specific interactive game-based VR system for post-stroke rehabilitation of the upper extremities, and assessed its usability and clinical efficacy.	Joon-Ho Shin, Hokyoung Ryu, Seong Ho Jang
The consciousness state space (CSS)-a unifying model for consciousness and self.	Frontiers in psychology	2014	05	08	Every experience, those we are aware of and those we are not, is embedded in a subjective timeline, is tinged with emotion, and inevitably evokes a certain sense of self. Here, we present a phenomenological model for consciousness and selfhood which relates time, awareness, and emotion within one framework. The consciousness state space (CSS) model is a theoretical one. It relies on a broad range of literature, hence has high explanatory and integrative strength, and helps in visualizing the relationship between different aspects of experience. Briefly, it is suggested that all phenomenological states fall into two categories of consciousness, core and extended (CC and EC, respectively). CC supports minimal selfhood that is short of temporal extension, its scope being the here and now. EC supports narrative selfhood, which involves personal identity and continuity across time, as well as memory, imagination and conceptual thought. The CSS is a phenomenological space, created by three dimensions: time, awareness and emotion. Each of the three dimensions is shown to have a dual phenomenological composition, falling within CC and EC. The neural spaces supporting each of these dimensions, as well as CC and EC, are laid out based on the neuroscientific literature. The CSS dynamics include two simultaneous trajectories, one in CC and one in EC, typically antagonistic in normal experiences. However, this characteristic behavior is altered in states in which a person experiences an altered sense of self. Two examples are laid out, flow and meditation. The CSS model creates a broad theoretical framework with explanatory and unificatory power. It constructs a detailed map of the consciousness and selfhood phenomenology, which offers constraints for the science of consciousness. We conclude by outlining several testable predictions raised by the CSS model.	Aviva Berkovich-Ohana, Joseph Glicksohn
Implicit motives and basic need satisfaction in extreme endurance sports.	Journal of sport & exercise psychology	2014	06	01	Previous research has shown that the effects of basic psychological needs on the flow experience in sports are moderated by implicit motives. However, so far, only leisure and health-oriented sports have been analyzed. In a pilot study and a main study (N = 29, 93), we tested whether the implicit achievement and affiliation motives interact with the need for competence and the need for social relatedness satisfaction, respectively, to predict flow experience and well-being in extreme endurance athletes. Results showed that highly achievement-motivated individuals benefited more from the need for competence satisfaction in terms of flow than individuals with a low achievement motive did. In addition, highly affiliation-motivated individuals whose need for social relatedness is satisfied reported higher positive affect and lower exercise addiction scores than athletes with a low motive. We discuss the differential effects of the interplay between the achievement and affiliation motives and basic needs on different outcome variables.	Julia Schüler, Mirko Wegner, Beat Knechtle
Brain activity during the flow experience: a functional near-infrared spectroscopy study.	Neuroscience letters	2014	06	24	Flow is the holistic experience felt when an individual acts with total involvement. Although flow is likely associated with many functions of the prefrontal cortex (PFC), such as attention, emotion, and reward processing, no study has directly investigated the activity of the PFC during flow. The objective of this study was to examine activity in the PFC during the flow state using functional near-infrared spectroscopy (fNIRS). Twenty right-handed university students performed a video game task under conditions designed to induce psychological states of flow and boredom. During each task and when completing the flow state scale for occupational tasks, change in oxygenated hemoglobin (oxy-Hb) concentration in frontal brain regions was measured using fNIRS. During the flow condition, oxy-Hb concentration was significantly increased in the right and left ventrolateral prefrontal cortex. Oxy-Hb concentration tended to decrease in the boredom condition. There was a significant increase in oxy-Hb concentration in the right and left dorsolateral prefrontal cortex, right and left frontal pole areas, and left ventrolateral PFC when participants were completing the flow state scale after performing the task in the flow condition. In conclusion, flow is associated with activity of the PFC, and may therefore be associated with functions such as cognition, emotion, maintenance of internal goals, and reward processing.	Kazuki Yoshida, Daisuke Sawamura, Yuji Inagaki, Keita Ogawa, Katsunori Ikoma, Shinya Sakai
Changes in flow experience among occupational therapy students: a 1-year longitudinal study.	Journal of educational evaluation for health professions	2014	07	07	The purpose of this 1-year longitudinal study is to investigate the change in flow experience among occupational therapy students (OTS).	Kazuki Hirao
Comparison of Feelings of Inferiority among University Students with Autotelic, Average, and Nonautotelic Personalities.	North American journal of medical sciences	2014	09	01	Autotelic personality (AP) is known to have a positive effect on the quality of life. We hypothesized that inferiority feelings may be less pronounced in individuals with AP than in those with an average (AV) or a nonautotelic personality (NAP).	Kazuki Hirao
Comparison of high- and low equipment fidelity during paediatric simulation team training: a case control study.	BMC medical education	2014	10	18	High-fidelity patient simulators in team training are becoming popular, though research showing benefits of the training process compared to low-fidelity models is rare. We explored in situ training for paediatric teams in an emergency department using a low-fidelity model (plastic doll) and a high-fidelity paediatric simulator, keeping other contextual factors constant. The goal was to study differences in trainees' and trainers' performance along with their individual experiences, during in situ training, using either a low-fidelity model or a high-fidelity paediatric simulator.	Lisbet Meurling, Leif Hedman, Karl-Johan Lidefelt, Cecilia Escher, Li Felländer-Tsai, Carl-Johan Wallin
Prefrontal hemodynamic responses and the degree of flow experience among occupational therapy students during their performance of a cognitive task.	Journal of educational evaluation for health professions	2015	01	29	Although flow experience is positively associated with motivation to learn, the biological basis of flow experience is poorly understood. Accumulation of evidence on the underlying brain mechanisms related to flow is necessary for a deeper understanding of the motivation to learn. The purpose of this study is to investigate the relationship between flow experience and brain function using near-infrared spectroscopy (NIRS) during the performance of a cognitive task.	Kazuki Hirao
Motor skill failure or flow-experience? Functional brain asymmetry and brain connectivity in elite and amateur table tennis players.	Biological psychology	2015	02	01	Functional hemispheric asymmetry is assumed to constitute one underlying neurophysiological mechanism of flow-experience and skilled psycho-motor performance in table tennis athletes. We hypothesized that when initiating motor execution during motor imagery, elite table tennis players show higher right- than left-hemispheric temporal activity and stronger right temporal-premotor than left temporal-premotor theta coherence compared to amateurs. We additionally investigated, whether less pronounced left temporal cortical activity is associated with more world rank points and more flow-experience. To this aim, electroencephalographic data were recorded in 14 experts and 15 amateur table tennis players. Subjects watched videos of an opponent serving a ball and were instructed to imagine themselves responding with a specific table tennis stroke. Alpha asymmetry scores were calculated by subtracting left from right hemispheric 8-13 Hz alpha power. 4-7 Hz theta coherence was calculated between temporal (T3/T4) and premotor (Fz) cortex. Experts showed a significantly stronger shift towards lower relative left-temporal brain activity compared to amateurs and a significantly stronger right temporal-premotor coherence than amateurs. The shift towards lower relative left-temporal brain activity in experts was associated with more flow-experience and lower relative left temporal activity was correlated with more world rank points. The present findings suggest that skilled psycho-motor performance in elite table tennis players reflect less desynchronized brain activity at the left hemisphere and more coherent brain activity between fronto-temporal and premotor oscillations at the right hemisphere. This pattern probably reflect less interference of irrelevant communication of verbal-analytical with motor-control mechanisms which implies flow-experience and predict world rank in experts.	Sebastian Wolf, Ellen Brölz, Philipp M Keune, Benjamin Wesa, Martin Hautzinger, Niels Birbaumer, Ute Strehl
Cortisol effects on flow-experience.	Psychopharmacology	2015	03	01	Stress affects flow-experience, but the mediating psychobiological mechanisms remain unknown. Previous studies showed an association between flow-experience and endogenous cortisol levels, suggesting an inverted, u-shaped relation between flow-experience and cortisol. However, these studies could not exclude effects of other stress factors.	Corinna Peifer, Hartmut Schächinger, Stefan Engeser, Conny H Antoni
Cortisol effects on flow-experience.	Psychopharmacology	2015	03	01	Stress affects flow-experience, but the mediating psychobiological mechanisms remain unknown. Previous studies showed an association between flow-experience and endogenous cortisol levels, suggesting an inverted, u-shaped relation between flow-experience and cortisol. However, these studies could not exclude effects of other stress factors.	Corinna Peifer, Hartmut Schächinger, Stefan Engeser, Conny H Antoni
The effects of exergaming on balance, gait, technology acceptance and flow experience in people with multiple sclerosis: a randomized controlled trial.	BMC sports science, medicine and rehabilitation	2015	05	13	Exergaming is a promising new alternative to traditional modes of therapeutic exercise which may be preferable and more effective for people with Multiple Sclerosis (MS). Impaired balance is reported as one of the most disabling aspects of MS. The purposes of this study were to examine the effects of exergaming on: (1) postural sway, (2) gait, (3) technology acceptance and (4) flow experience in people with MS. Secondary outcomes were disability: 12-item Multiple Sclerosis Walking Scale (MSWS-12) and the World Health Organization Disability Assessment Schedule 2.0 (WHODAS 2.0) questionnaire.	Jonathan Robinson, John Dixon, Alasdair Macsween, Paul van Schaik, Denis Martin
Physiological correlates of the flow experience during computer game playing.	International journal of psychophysiology : official journal of the International Organization of Psychophysiology	2015	07	01	Flow is the subjective experience of effortless attention, reduced self-awareness, and enjoyment that typically occurs during optimal task performance. Previous studies have suggested that flow may be associated with a non-reciprocal coactivation of the sympathetic and parasympathetic systems and, on a cortical level, with a state of hypofrontality and implicit processing. Here, we test these hypotheses, using the computer game TETRIS as model task. The participants (n=77) played TETRIS under three conditions that differed in difficulty (Easy<Optimal<Difficult). Cardiac and respiratory activities, and the average oxygenation changes of the prefrontal cortex were measured continuously with functional near infrared spectroscopy (fNIRS) during performance. The Optimal condition was characterized by the highest levels of state flow, positive affect, and effortless attention. The associations between self-reported psychological flow and physiological measures were investigated using a series of repeated measures linear mixed model analyses. The results showed that higher flow was associated with larger respiratory depth and lower LF. The higher respiratory depth during high flow is indicative of a more relaxed state with an increased parasympathetic activity, and thus provides partial support for the main hypotheses. There was no association between frontal cortical oxygenation and flow, even at liberal thresholds; i.e. we found no support that flow is related to a state of hypofrontality.	László Harmat, Örjan de Manzano, Töres Theorell, Lennart Högman, Håkan Fischer, Fredrik Ullén
"When music ""flows"". State and trait in musical performance, composition and listening: a systematic review."	Frontiers in psychology	2015	07	16	"It is not unusual to experience a sense of total absorption, concentration, action-awareness, distortion of time and intrinsic enjoyment during an activity that involves music. Indeed, it is noted that there is a special relationship between these two aspects (i.e., music and flow experience). In order to deeply explore flow in the musical domain, it is crucial to consider the complexity of the flow experience-both as a ""state"" and as a ""trait."" Secondly, since music is a multifaceted domain, it is necessary to concentrate on specific music settings, such as (i) musical composition; (ii) listening; and (iii) musical performance. To address these issues, the current review aims to outline flow experience as a ""trait"" and as a ""state"" in the three above-mentioned musical domains. Clear and useful guidelines to distinguish between flow as a ""state"" and as a ""trait"" are provided by literature concerning flow assessment. For this purpose, three aspects of the selected studies are discussed and analyzed: (i) the characteristics of the flow assessments used; (ii) the experimental design; (iii) the results; and (iv) the interrelations between the three domains. Results showed that the dispositional approach is predominant in the above-mentioned settings, mainly regarding music performance. Several aspects concerning musical contexts still need to be deeply analyzed. Future challenges could include the role of a group level of analysis, overcoming a frequency approach toward dispositional flow, and integrating both state and dispositional flow perspectives in order to deepen comprehension of how flow takes place in musical contexts. Finally, to explain the complex relationship between these two phenomena, we suggest that music and flow could be seen as an emergent embodied system."	Alice Chirico, Silvia Serino, Pietro Cipresso, Andrea Gaggioli, Giuseppe Riva
Difference in mental state between Internet-addicted and non-addicted Japanese undergraduates.	International journal of adolescent medicine and health	2015	08	01	Internet addiction (IA) is a common disorder among adolescents throughout most of the industrialized world. The purpose of this study was to compare mental states between Japanese undergraduates with IA and those without IA.	Kazuki Hirao
The neurochemistry and social flow of singing: bonding and oxytocin.	Frontiers in human neuroscience	2015	10	07	Music is used in healthcare to promote physical and psychological well-being. As clinical applications of music continue to expand, there is a growing need to understand the biological mechanisms by which music influences health. Here we explore the neurochemistry and social flow of group singing. Four participants from a vocal jazz ensemble were conveniently sampled to sing together in two separate performances: pre-composed and improvised. Concentrations of plasma oxytocin and adrenocorticotropic hormone (ACTH) were measured before and after each singing condition to assess levels of social affiliation, engagement and arousal. A validated assessment of flow state was administered after each singing condition to assess participants' absorption in the task. The feasibility of the research methods were assessed and initial neurochemical data was generated on group singing. Mean scores of the flow state scale indicated that participants experienced flow in both the pre-composed (M = 37.06) and improvised singing conditions (M = 34.25), with no significant difference between conditions. ACTH concentrations decreased in both conditions, significantly so in the pre-composed singing condition, which may have contributed to the social flow experience. Mean plasma oxytocin levels increased only in response to improvised singing, with no significant difference between improvised and pre-composed singing conditions observed. The results indicate that group singing reduces stress and arousal, as measured by ACTH, and induces social flow in participants. The effects of pre-composed and improvised group singing on oxytocin are less clear. Higher levels of plasma oxytocin in the improvised condition may perhaps be attributed to the social effects of improvising musically with others. Further research with a larger sample size is warranted.	Jason R Keeler, Edward A Roth, Brittany L Neuser, John M Spitsbergen, Daniel J M Waters, John-Mary Vianney
Flow theory - goal orientation theory: positive experience is related to athlete's goal orientation.	Frontiers in psychology	2015	10	27	The main purpose of this study was to examine the relationship between flow experience and goal orientation theory, as well as, the differences in flow experience based on the orthogonal model of goal orientation theory. Two hundred and seventy eight athletes completed the Task and Ego Orientation Sport Questionnaire based on how they usually feel. The challenge and skills ratings were completed 1 h before the competition, based on how they felt at the exact time of answering. In the following, the Flow State Scale-2 was completed up to 30 min after the competition they just participated, along with the challenge-skill ratings, based on how athletes felt during the competition. The results indicated that the athletes' task orientation may be an important factor for attaining flow in competitive sport, feeling more skillful and estimating the upcoming competition as challenging, while low ego and low task oriented athletes lack these elements, which are important for them to get into flow. Additionally, not the level of task and ego orientation per se, but the balance between athletes' goal orientation preferences seems important for the formation of flow experience, indicating that high task - high ego and high task - low ego athletes are experiencing the most positive mental state.	Nektarios A M Stavrou, Maria Psychountaki, Emmanouil Georgiadis, Konstantinos Karteroliotis, Yannis Zervas
A Cross-Sectional Survey Study About the Most Common Solitary and Social Flow Activities to Extend the Concept of Optimal Experience.	Europe's journal of psychology	2015	11	01	Previous assumptions note that the most powerful experiences of engagement are shared with others. Therefore, in the framework of positive psychology, to expand the dynamic interactionism-related flow theory, we have attempted to conduct an exploratory study about flow to reveal the most common activities that can trigger this experience during solitary or social situations. The study involved 1,709 adult participants from Hungary (Age: M = 26.95, SD = 11.23). They read descriptions about optimal experience in solitary and social situations and were asked to identify the activity from their life that is most typically followed by the described experiences. The social context was supplemented by other flow-related questions for a deeper understanding and to contribute to the research. According to the results the most typical solitary flow activities are found to be work, sports, creative activities and reading. The most common flow-inducing social activities are work and sports. The choice of the most frequent flow-inducing activities in both solitary and interpersonal situations is dependent on the gender of the respondent, and various demographical factors can influence the frequency of flow experiences in different contexts. Analysis reveal that optimal experience during a social interaction is determined by the perceived level of challenges, the perceived level of cooperation, the immediateness and clarity of the feedback, and the level of the skill. Our study may contribute to the broadening purpose of positive psychology as it focuses on the interpersonal level in relation to flow experience, which, in turn, may also support a higher level of well-being.	Tímea Magyaródi, Attila Oláh
The Relationship Between Personality Traits, Flow-Experience, and Different Aspects of Practice Behavior of Amateur Vocal Students.	Frontiers in psychology	2016	01	06	Most of the existing studies on musical practice are concerned with instrumentalists only. Since singers are seldom considered in research, the present study is based on an online-sample of amateur vocal students (N = 120; 92 female, 28 male). The study investigated the correlations between personality traits, flow-experience and several aspects of practice characteristics. Personality was represented by the three personality dimensions extraversion, neuroticism and psychoticism, assessed by Eysenck's Personality Profiler as well as the trait form of the Positive and Negative Affect Schedule. 'Flow-experience,' 'self-congruence' and 'fear of losing control over concentration,' assessed by the Practice Flow Inventory, served as variables for flow-experience. The practice motivation was measured by the Practice Motivation Questionnaire in four categories ('self,' 'group,' 'audience,' 'teacher'). In addition, the Practice Behavior Questionnaire was used to provide an insight into the practice situation and behavior of singing students. The results show significant correlations: participants with high extraversion-scores experience significantly more flow than less extraverted persons, whereas lesser flow-experience seems to be related to high neuroticism-scores. Nevertheless, there is no influence in flow-experience concerning singing style ('classical' or 'popular'). The longer the practicing time, the more likely students are to achieve flow-experience. However, older singers tend to have less flow-experience. Consequently, singers seem to differ in their personality and practice behavior compared to other musicians. Most of the findings show that having control over one's instrument is decisive for achieving a performance of high quality, especially for singers. On the other hand, certainty in handling an instrument is essential to arouse a flow-feeling. However, flow-experience seems to be common mainly with amateur singers. In conclusion, this offers a starting point for new research on the psychology of vocalists in greater depth.	Katharina Heller, Claudia Bullerjahn, Richard von Georgi
Do Some People Need Autonomy More Than Others? Implicit Dispositions Toward Autonomy Moderate the Effects of Felt Autonomy on Well-Being.	Journal of personality	2016	02	01	The present studies examined whether implicit or explicit autonomy dispositions moderate the relationship between felt autonomy and well-being. Study 1 (N = 187 undergraduate students) presents an initial test of the moderator hypothesis by predicting flow experience from the interaction of autonomy need satisfaction and autonomy dispositions. Study 2 (N = 127 physically inactive persons) used vignettes involving an autonomy (un)supportive coach to test a moderated mediation model in which perceived coach autonomy support leads to well-being through basic need satisfaction. Again, the effects of need satisfaction on well-being were hypothesized to be moderated by an implicit autonomy disposition. Study 1 showed that individuals with a strong implicit autonomy (but not power or achievement) motive disposition derived more flow experience from felt autonomy than individuals with a weak implicit autonomy disposition. Study 2 revealed that perceived autonomy support from sports coaches, which we experimentally induced with a vignette method, leads to autonomy satisfaction, leading in turn to positive effects on well-being. This indirect effect held at high and average but not low implicit autonomy disposition. The results indicate that the degree to which people benefit from autonomy need satisfaction depends on their implicit disposition toward autonomy.	Julia Schüler, Kennon M Sheldon, Mike Prentice, Marc Halusic
Neural signatures of experimentally induced flow experiences identified in a typical fMRI block design with BOLD imaging.	Social cognitive and affective neuroscience	2016	03	01	"Previously, experimentally induced flow experiences have been demonstrated with perfusion imaging during activation blocks of 3 min length to accommodate with the putatively slowly evolving ""mood"" characteristics of flow. Here, we used functional magnetic resonance imaging (fMRI) in a sample of 23 healthy, male participants to investigate flow in the context of a typical fMRI block design with block lengths as short as 30 s. To induce flow, demands of arithmetic tasks were automatically and continuously adjusted to the individual skill level. Compared against conditions of boredom and overload, experience of flow was evident from individuals' reported subjective experiences and changes in electrodermal activity. Neural activation was relatively increased during flow, particularly in the anterior insula, inferior frontal gyri, basal ganglia and midbrain. Relative activation decreases during flow were observed in medial prefrontal and posterior cingulate cortex, and in the medial temporal lobe including the amygdala. Present findings suggest that even in the context of comparably short activation blocks flow can be reliably experienced and is associated with changes in neural activation of brain regions previously described. Possible mechanisms of interacting brain regions are outlined, awaiting further investigation which should now be possible given the greater temporal resolution compared with previous perfusion imaging."	Martin Ulrich, Johannes Keller, Georg Grön
